date,phc,medicine,patient_load,disease_pressure,demand
2026-07-01,PHC-A,ORS,102.79,1.221,36.66
2026-07-01,PHC-A,Paracetamol,102.79,1.216,56.71
2026-07-01,PHC-A,Antimalarial,102.79,1.193,21.88
2026-07-01,PHC-A,Azithromycin,102.79,1.181,18.98
2026-07-01,PHC-A,IV Fluids,102.79,1.221,15.43
2026-07-02,PHC-A,ORS,108.8,1.221,37.79
2026-07-02,PHC-A,Paracetamol,108.8,1.216,59.92
2026-07-02,PHC-A,Antimalarial,108.8,1.193,20.67
2026-07-02,PHC-A,Azithromycin,108.8,1.181,16.37
2026-07-02,PHC-A,IV Fluids,108.8,1.221,14.81
2026-07-03,PHC-A,ORS,92.14,1.221,39.58
2026-07-03,PHC-A,Paracetamol,92.14,1.216,64.68
2026-07-03,PHC-A,Antimalarial,92.14,1.193,24.61
2026-07-03,PHC-A,Azithromycin,92.14,1.181,16.52
2026-07-03,PHC-A,IV Fluids,92.14,1.221,15.32
2026-07-04,PHC-A,ORS,98.12,1.221,37.39
2026-07-04,PHC-A,Paracetamol,98.12,1.216,68.16
2026-07-04,PHC-A,Antimalarial,98.12,1.193,25.95
2026-07-04,PHC-A,Azithromycin,98.12,1.181,17.32
2026-07-04,PHC-A,IV Fluids,98.12,1.221,13.49
2026-07-05,PHC-A,ORS,101.72,1.221,42.1
2026-07-05,PHC-A,Paracetamol,101.72,1.216,55.28
2026-07-05,PHC-A,Antimalarial,101.72,1.193,21.72
2026-07-05,PHC-A,Azithromycin,101.72,1.181,20.26
2026-07-05,PHC-A,IV Fluids,101.72,1.221,15.65
2026-07-06,PHC-A,ORS,110.86,1.221,47.73
2026-07-06,PHC-A,Paracetamol,110.86,1.216,64.21
2026-07-06,PHC-A,Antimalarial,110.86,1.193,28.45
2026-07-06,PHC-A,Azithromycin,110.86,1.181,17.83
2026-07-06,PHC-A,IV Fluids,110.86,1.221,15.55
2026-07-07,PHC-A,ORS,112.27,1.221,46.63
2026-07-07,PHC-A,Paracetamol,112.27,1.216,71.01
2026-07-07,PHC-A,Antimalarial,112.27,1.193,25.71
2026-07-07,PHC-A,Azithromycin,112.27,1.181,19.81
2026-07-07,PHC-A,IV Fluids,112.27,1.221,13.34
2026-07-08,PHC-A,ORS,100.44,1.221,42.54
2026-07-08,PHC-A,Paracetamol,100.44,1.216,56.45
2026-07-08,PHC-A,Antimalarial,100.44,1.193,23.31
2026-07-08,PHC-A,Azithromycin,100.44,1.181,16.57
2026-07-08,PHC-A,IV Fluids,100.44,1.221,14.53
2026-07-09,PHC-A,ORS,110.02,1.221,43.93
2026-07-09,PHC-A,Paracetamol,110.02,1.216,62.6
2026-07-09,PHC-A,Antimalarial,110.02,1.193,23.33
2026-07-09,PHC-A,Azithromycin,110.02,1.181,17.65
2026-07-09,PHC-A,IV Fluids,110.02,1.221,17.76
2026-07-10,PHC-A,ORS,111.2,1.221,47.68
2026-07-10,PHC-A,Paracetamol,111.2,1.216,59.2
2026-07-10,PHC-A,Antimalarial,111.2,1.193,27.54
2026-07-10,PHC-A,Azithromycin,111.2,1.181,17.21
2026-07-10,PHC-A,IV Fluids,111.2,1.221,15.26
2026-07-11,PHC-A,ORS,107.59,1.221,48.51
2026-07-11,PHC-A,Paracetamol,107.59,1.216,67.35
2026-07-11,PHC-A,Antimalarial,107.59,1.193,27.42
2026-07-11,PHC-A,Azithromycin,107.59,1.181,21.28
2026-07-11,PHC-A,IV Fluids,107.59,1.221,17.28
2026-07-12,PHC-A,ORS,93.45,1.221,40.34
2026-07-12,PHC-A,Paracetamol,93.45,1.216,63.06
2026-07-12,PHC-A,Antimalarial,93.45,1.193,24.36
2026-07-12,PHC-A,Azithromycin,93.45,1.181,17.77
2026-07-12,PHC-A,IV Fluids,93.45,1.221,18.23
2026-07-13,PHC-A,ORS,119.0,1.221,44.68
2026-07-13,PHC-A,Paracetamol,119.0,1.216,70.44
2026-07-13,PHC-A,Antimalarial,119.0,1.193,25.58
2026-07-13,PHC-A,Azithromycin,119.0,1.181,22.05
2026-07-13,PHC-A,IV Fluids,119.0,1.221,16.02
2026-07-14,PHC-A,ORS,106.31,1.221,44.06
2026-07-14,PHC-A,Paracetamol,106.31,1.216,69.09
2026-07-14,PHC-A,Antimalarial,106.31,1.193,24.72
2026-07-14,PHC-A,Azithromycin,106.31,1.181,20.27
2026-07-14,PHC-A,IV Fluids,106.31,1.221,18.3
2026-07-15,PHC-A,ORS,110.18,1.221,44.02
2026-07-15,PHC-A,Paracetamol,110.18,1.216,78.59
2026-07-15,PHC-A,Antimalarial,110.18,1.193,26.9
2026-07-15,PHC-A,Azithromycin,110.18,1.181,17.48
2026-07-15,PHC-A,IV Fluids,110.18,1.221,14.24
2026-07-16,PHC-A,ORS,104.49,1.221,50.3
2026-07-16,PHC-A,Paracetamol,104.49,1.216,74.96
2026-07-16,PHC-A,Antimalarial,104.49,1.193,26.41
2026-07-16,PHC-A,Azithromycin,104.49,1.181,17.45
2026-07-16,PHC-A,IV Fluids,104.49,1.221,16.02
2026-07-17,PHC-A,ORS,125.56,1.221,49.26
2026-07-17,PHC-A,Paracetamol,125.56,1.216,79.28
2026-07-17,PHC-A,Antimalarial,125.56,1.193,30.2
2026-07-17,PHC-A,Azithromycin,125.56,1.181,17.28
2026-07-17,PHC-A,IV Fluids,125.56,1.221,17.85
2026-07-18,PHC-A,ORS,107.37,1.221,49.76
2026-07-18,PHC-A,Paracetamol,107.37,1.216,65.11
2026-07-18,PHC-A,Antimalarial,107.37,1.193,28.62
2026-07-18,PHC-A,Azithromycin,107.37,1.181,18.02
2026-07-18,PHC-A,IV Fluids,107.37,1.221,16.54
2026-07-19,PHC-A,ORS,103.43,1.221,56.34
2026-07-19,PHC-A,Paracetamol,103.43,1.216,78.5
2026-07-19,PHC-A,Antimalarial,103.43,1.193,25.71
2026-07-19,PHC-A,Azithromycin,103.43,1.181,20.56
2026-07-19,PHC-A,IV Fluids,103.43,1.221,15.36
2026-07-20,PHC-A,ORS,126.54,1.221,55.52
2026-07-20,PHC-A,Paracetamol,126.54,1.216,66.79
2026-07-20,PHC-A,Antimalarial,126.54,1.193,29.05
2026-07-20,PHC-A,Azithromycin,126.54,1.181,21.39
2026-07-20,PHC-A,IV Fluids,126.54,1.221,15.35
2026-07-21,PHC-A,ORS,123.96,1.221,50.94
2026-07-21,PHC-A,Paracetamol,123.96,1.216,77.61
2026-07-21,PHC-A,Antimalarial,123.96,1.193,28.35
2026-07-21,PHC-A,Azithromycin,123.96,1.181,17.74
2026-07-21,PHC-A,IV Fluids,123.96,1.221,16.35
2026-07-22,PHC-A,ORS,107.26,1.221,57.26
2026-07-22,PHC-A,Paracetamol,107.26,1.216,80.37
2026-07-22,PHC-A,Antimalarial,107.26,1.193,31.13
2026-07-22,PHC-A,Azithromycin,107.26,1.181,19.82
2026-07-22,PHC-A,IV Fluids,107.26,1.221,15.09
2026-07-23,PHC-A,ORS,128.59,1.221,57.96
2026-07-23,PHC-A,Paracetamol,128.59,1.216,63.67
2026-07-23,PHC-A,Antimalarial,128.59,1.193,28.4
2026-07-23,PHC-A,Azithromycin,128.59,1.181,18.45
2026-07-23,PHC-A,IV Fluids,128.59,1.221,18.89
2026-07-24,PHC-A,ORS,126.85,1.221,45.75
2026-07-24,PHC-A,Paracetamol,126.85,1.216,72.7
2026-07-24,PHC-A,Antimalarial,126.85,1.193,29.16
2026-07-24,PHC-A,Azithromycin,126.85,1.181,19.84
2026-07-24,PHC-A,IV Fluids,126.85,1.221,19.63
2026-07-25,PHC-A,ORS,107.52,1.221,47.39
2026-07-25,PHC-A,Paracetamol,107.52,1.216,74.66
2026-07-25,PHC-A,Antimalarial,107.52,1.193,30.94
2026-07-25,PHC-A,Azithromycin,107.52,1.181,19.57
2026-07-25,PHC-A,IV Fluids,107.52,1.221,16.78
2026-07-26,PHC-A,ORS,120.89,1.221,54.6
2026-07-26,PHC-A,Paracetamol,120.89,1.216,72.95
2026-07-26,PHC-A,Antimalarial,120.89,1.193,29.31
2026-07-26,PHC-A,Azithromycin,120.89,1.181,19.2
2026-07-26,PHC-A,IV Fluids,120.89,1.221,16.43
2026-07-27,PHC-A,ORS,119.12,1.221,54.02
2026-07-27,PHC-A,Paracetamol,119.12,1.216,68.81
2026-07-27,PHC-A,Antimalarial,119.12,1.193,26.91
2026-07-27,PHC-A,Azithromycin,119.12,1.181,19.01
2026-07-27,PHC-A,IV Fluids,119.12,1.221,18.75
2026-07-28,PHC-A,ORS,117.28,1.221,59.46
2026-07-28,PHC-A,Paracetamol,117.28,1.216,83.55
2026-07-28,PHC-A,Antimalarial,117.28,1.193,25.77
2026-07-28,PHC-A,Azithromycin,117.28,1.181,20.25
2026-07-28,PHC-A,IV Fluids,117.28,1.221,19.1
2026-07-29,PHC-A,ORS,117.75,1.221,47.5
2026-07-29,PHC-A,Paracetamol,117.75,1.216,85.87
2026-07-29,PHC-A,Antimalarial,117.75,1.193,30.43
2026-07-29,PHC-A,Azithromycin,117.75,1.181,21.95
2026-07-29,PHC-A,IV Fluids,117.75,1.221,19.87
2026-07-30,PHC-A,ORS,133.51,1.221,48.78
2026-07-30,PHC-A,Paracetamol,133.51,1.216,67.24
2026-07-30,PHC-A,Antimalarial,133.51,1.193,29.39
2026-07-30,PHC-A,Azithromycin,133.51,1.181,21.78
2026-07-30,PHC-A,IV Fluids,133.51,1.221,18.25
2026-07-31,PHC-A,ORS,132.47,1.221,56.97
2026-07-31,PHC-A,Paracetamol,132.47,1.216,88.22
2026-07-31,PHC-A,Antimalarial,132.47,1.193,26.58
2026-07-31,PHC-A,Azithromycin,132.47,1.181,21.79
2026-07-31,PHC-A,IV Fluids,132.47,1.221,17.67
2026-08-01,PHC-A,ORS,123.1,1.221,50.42
2026-08-01,PHC-A,Paracetamol,123.1,1.216,70.36
2026-08-01,PHC-A,Antimalarial,123.1,1.193,29.96
2026-08-01,PHC-A,Azithromycin,123.1,1.181,22.07
2026-08-01,PHC-A,IV Fluids,123.1,1.221,17.45
2026-08-02,PHC-A,ORS,109.82,1.221,61.88
2026-08-02,PHC-A,Paracetamol,109.82,1.216,76.78
2026-08-02,PHC-A,Antimalarial,109.82,1.193,33.97
2026-08-02,PHC-A,Azithromycin,109.82,1.181,23.11
2026-08-02,PHC-A,IV Fluids,109.82,1.221,16.29
2026-08-03,PHC-A,ORS,142.25,1.221,60.86
2026-08-03,PHC-A,Paracetamol,142.25,1.216,89.72
2026-08-03,PHC-A,Antimalarial,142.25,1.193,34.8
2026-08-03,PHC-A,Azithromycin,142.25,1.181,25.32
2026-08-03,PHC-A,IV Fluids,142.25,1.221,17.06
2026-08-04,PHC-A,ORS,129.85,1.221,50.89
2026-08-04,PHC-A,Paracetamol,129.85,1.216,76.84
2026-08-04,PHC-A,Antimalarial,129.85,1.193,26.95
2026-08-04,PHC-A,Azithromycin,129.85,1.181,22.24
2026-08-04,PHC-A,IV Fluids,129.85,1.221,21.87
2026-08-05,PHC-A,ORS,124.95,1.221,60.83
2026-08-05,PHC-A,Paracetamol,124.95,1.216,78.66
2026-08-05,PHC-A,Antimalarial,124.95,1.193,30.56
2026-08-05,PHC-A,Azithromycin,124.95,1.181,26.42
2026-08-05,PHC-A,IV Fluids,124.95,1.221,22.07
2026-08-06,PHC-A,ORS,133.47,1.221,60.13
2026-08-06,PHC-A,Paracetamol,133.47,1.216,71.96
2026-08-06,PHC-A,Antimalarial,133.47,1.193,29.57
2026-08-06,PHC-A,Azithromycin,133.47,1.181,26.68
2026-08-06,PHC-A,IV Fluids,133.47,1.221,19.81
2026-08-07,PHC-A,ORS,134.01,1.221,61.04
2026-08-07,PHC-A,Paracetamol,134.01,1.216,70.08
2026-08-07,PHC-A,Antimalarial,134.01,1.193,32.5
2026-08-07,PHC-A,Azithromycin,134.01,1.181,23.57
2026-08-07,PHC-A,IV Fluids,134.01,1.221,21.54
2026-08-08,PHC-A,ORS,112.15,1.221,65.1
2026-08-08,PHC-A,Paracetamol,112.15,1.216,71.11
2026-08-08,PHC-A,Antimalarial,112.15,1.193,28.91
2026-08-08,PHC-A,Azithromycin,112.15,1.181,24.38
2026-08-08,PHC-A,IV Fluids,112.15,1.221,20.64
2026-08-09,PHC-A,ORS,114.78,1.221,51.01
2026-08-09,PHC-A,Paracetamol,114.78,1.216,91.49
2026-08-09,PHC-A,Antimalarial,114.78,1.193,29.68
2026-08-09,PHC-A,Azithromycin,114.78,1.181,24.54
2026-08-09,PHC-A,IV Fluids,114.78,1.221,20.45
2026-08-10,PHC-A,ORS,133.37,1.221,59.4
2026-08-10,PHC-A,Paracetamol,133.37,1.216,83.0
2026-08-10,PHC-A,Antimalarial,133.37,1.193,36.56
2026-08-10,PHC-A,Azithromycin,133.37,1.181,21.89
2026-08-10,PHC-A,IV Fluids,133.37,1.221,21.16
2026-08-11,PHC-A,ORS,129.31,1.221,56.51
2026-08-11,PHC-A,Paracetamol,129.31,1.216,87.25
2026-08-11,PHC-A,Antimalarial,129.31,1.193,30.6
2026-08-11,PHC-A,Azithromycin,129.31,1.181,22.85
2026-08-11,PHC-A,IV Fluids,129.31,1.221,21.51
2026-08-12,PHC-A,ORS,125.59,1.221,57.98
2026-08-12,PHC-A,Paracetamol,125.59,1.216,96.01
2026-08-12,PHC-A,Antimalarial,125.59,1.193,37.64
2026-08-12,PHC-A,Azithromycin,125.59,1.181,21.22
2026-08-12,PHC-A,IV Fluids,125.59,1.221,18.4
2026-08-13,PHC-A,ORS,131.73,1.221,66.77
2026-08-13,PHC-A,Paracetamol,131.73,1.216,93.66
2026-08-13,PHC-A,Antimalarial,131.73,1.193,36.73
2026-08-13,PHC-A,Azithromycin,131.73,1.181,23.54
2026-08-13,PHC-A,IV Fluids,131.73,1.221,18.18
2026-08-14,PHC-A,ORS,148.4,1.221,63.1
2026-08-14,PHC-A,Paracetamol,148.4,1.216,87.43
2026-08-14,PHC-A,Antimalarial,148.4,1.193,38.04
2026-08-14,PHC-A,Azithromycin,148.4,1.181,25.79
2026-08-14,PHC-A,IV Fluids,148.4,1.221,17.38
2026-08-15,PHC-A,ORS,133.99,1.221,56.25
2026-08-15,PHC-A,Paracetamol,133.99,1.216,89.31
2026-08-15,PHC-A,Antimalarial,133.99,1.193,37.8
2026-08-15,PHC-A,Azithromycin,133.99,1.181,22.09
2026-08-15,PHC-A,IV Fluids,133.99,1.221,18.15
2026-08-16,PHC-A,ORS,116.83,1.221,61.19
2026-08-16,PHC-A,Paracetamol,116.83,1.216,79.83
2026-08-16,PHC-A,Antimalarial,116.83,1.193,34.67
2026-08-16,PHC-A,Azithromycin,116.83,1.181,26.6
2026-08-16,PHC-A,IV Fluids,116.83,1.221,18.81
2026-08-17,PHC-A,ORS,145.58,1.221,56.32
2026-08-17,PHC-A,Paracetamol,145.58,1.216,85.92
2026-08-17,PHC-A,Antimalarial,145.58,1.193,37.94
2026-08-17,PHC-A,Azithromycin,145.58,1.181,27.73
2026-08-17,PHC-A,IV Fluids,145.58,1.221,18.24
2026-08-18,PHC-A,ORS,140.49,1.221,56.9
2026-08-18,PHC-A,Paracetamol,140.49,1.216,73.84
2026-08-18,PHC-A,Antimalarial,140.49,1.193,36.8
2026-08-18,PHC-A,Azithromycin,140.49,1.181,26.32
2026-08-18,PHC-A,IV Fluids,140.49,1.221,19.42
2026-08-19,PHC-A,ORS,150.48,1.221,62.32
2026-08-19,PHC-A,Paracetamol,150.48,1.216,85.41
2026-08-19,PHC-A,Antimalarial,150.48,1.193,29.21
2026-08-19,PHC-A,Azithromycin,150.48,1.181,22.2
2026-08-19,PHC-A,IV Fluids,150.48,1.221,23.46
2026-08-20,PHC-A,ORS,156.11,1.221,62.59
2026-08-20,PHC-A,Paracetamol,156.11,1.216,96.66
2026-08-20,PHC-A,Antimalarial,156.11,1.193,35.31
2026-08-20,PHC-A,Azithromycin,156.11,1.181,22.9
2026-08-20,PHC-A,IV Fluids,156.11,1.221,18.81
2026-08-21,PHC-A,ORS,139.76,1.221,69.57
2026-08-21,PHC-A,Paracetamol,139.76,1.216,96.24
2026-08-21,PHC-A,Antimalarial,139.76,1.193,38.42
2026-08-21,PHC-A,Azithromycin,139.76,1.181,28.84
2026-08-21,PHC-A,IV Fluids,139.76,1.221,19.45
2026-08-22,PHC-A,ORS,125.01,1.221,55.06
2026-08-22,PHC-A,Paracetamol,125.01,1.216,96.4
2026-08-22,PHC-A,Antimalarial,125.01,1.193,38.9
2026-08-22,PHC-A,Azithromycin,125.01,1.181,25.18
2026-08-22,PHC-A,IV Fluids,125.01,1.221,22.21
2026-08-23,PHC-A,ORS,123.25,1.221,71.0
2026-08-23,PHC-A,Paracetamol,123.25,1.216,99.25
2026-08-23,PHC-A,Antimalarial,123.25,1.193,40.11
2026-08-23,PHC-A,Azithromycin,123.25,1.181,28.5
2026-08-23,PHC-A,IV Fluids,123.25,1.221,24.03
2026-08-24,PHC-A,ORS,133.93,1.221,67.76
2026-08-24,PHC-A,Paracetamol,133.93,1.216,85.47
2026-08-24,PHC-A,Antimalarial,133.93,1.193,39.87
2026-08-24,PHC-A,Azithromycin,133.93,1.181,28.61
2026-08-24,PHC-A,IV Fluids,133.93,1.221,24.06
2026-08-25,PHC-A,ORS,158.14,1.221,59.2
2026-08-25,PHC-A,Paracetamol,158.14,1.216,98.35
2026-08-25,PHC-A,Antimalarial,158.14,1.193,31.34
2026-08-25,PHC-A,Azithromycin,158.14,1.181,29.33
2026-08-25,PHC-A,IV Fluids,158.14,1.221,24.17
2026-08-26,PHC-A,ORS,141.46,1.221,70.11
2026-08-26,PHC-A,Paracetamol,141.46,1.216,90.0
2026-08-26,PHC-A,Antimalarial,141.46,1.193,33.64
2026-08-26,PHC-A,Azithromycin,141.46,1.181,28.89
2026-08-26,PHC-A,IV Fluids,141.46,1.221,20.16
2026-08-27,PHC-A,ORS,136.31,1.221,58.48
2026-08-27,PHC-A,Paracetamol,136.31,1.216,86.91
2026-08-27,PHC-A,Antimalarial,136.31,1.193,39.87
2026-08-27,PHC-A,Azithromycin,136.31,1.181,30.44
2026-08-27,PHC-A,IV Fluids,136.31,1.221,20.62
2026-08-28,PHC-A,ORS,155.84,1.221,62.84
2026-08-28,PHC-A,Paracetamol,155.84,1.216,105.47
2026-08-28,PHC-A,Antimalarial,155.84,1.193,36.55
2026-08-28,PHC-A,Azithromycin,155.84,1.181,30.4
2026-08-28,PHC-A,IV Fluids,155.84,1.221,19.65
2026-08-29,PHC-A,ORS,150.11,1.221,58.89
2026-08-29,PHC-A,Paracetamol,150.11,1.216,105.57
2026-08-29,PHC-A,Antimalarial,150.11,1.193,33.81
2026-08-29,PHC-A,Azithromycin,150.11,1.181,23.84
2026-08-29,PHC-A,IV Fluids,150.11,1.221,21.91
2026-08-30,PHC-A,ORS,144.31,1.221,61.89
2026-08-30,PHC-A,Paracetamol,144.31,1.216,96.22
2026-08-30,PHC-A,Antimalarial,144.31,1.193,36.71
2026-08-30,PHC-A,Azithromycin,144.31,1.181,26.24
2026-08-30,PHC-A,IV Fluids,144.31,1.221,22.99
2026-08-31,PHC-A,ORS,146.66,1.221,70.06
2026-08-31,PHC-A,Paracetamol,146.66,1.216,79.77
2026-08-31,PHC-A,Antimalarial,146.66,1.193,41.49
2026-08-31,PHC-A,Azithromycin,146.66,1.181,27.65
2026-08-31,PHC-A,IV Fluids,146.66,1.221,24.09
2026-09-01,PHC-A,ORS,162.62,1.221,69.7
2026-09-01,PHC-A,Paracetamol,162.62,1.216,90.49
2026-09-01,PHC-A,Antimalarial,162.62,1.193,32.23
2026-09-01,PHC-A,Azithromycin,162.62,1.181,28.84
2026-09-01,PHC-A,IV Fluids,162.62,1.221,21.58
2026-09-02,PHC-A,ORS,150.19,1.221,73.65
2026-09-02,PHC-A,Paracetamol,150.19,1.216,101.12
2026-09-02,PHC-A,Antimalarial,150.19,1.193,34.99
2026-09-02,PHC-A,Azithromycin,150.19,1.181,26.06
2026-09-02,PHC-A,IV Fluids,150.19,1.221,22.24
2026-09-03,PHC-A,ORS,153.83,1.221,62.96
2026-09-03,PHC-A,Paracetamol,153.83,1.216,84.74
2026-09-03,PHC-A,Antimalarial,153.83,1.193,36.54
2026-09-03,PHC-A,Azithromycin,153.83,1.181,31.48
2026-09-03,PHC-A,IV Fluids,153.83,1.221,24.22
2026-09-04,PHC-A,ORS,170.49,1.221,69.79
2026-09-04,PHC-A,Paracetamol,170.49,1.216,90.22
2026-09-04,PHC-A,Antimalarial,170.49,1.193,38.18
2026-09-04,PHC-A,Azithromycin,170.49,1.181,23.77
2026-09-04,PHC-A,IV Fluids,170.49,1.221,21.65
2026-09-05,PHC-A,ORS,140.8,1.221,69.46
2026-09-05,PHC-A,Paracetamol,140.8,1.216,100.97
2026-09-05,PHC-A,Antimalarial,140.8,1.193,37.46
2026-09-05,PHC-A,Azithromycin,140.8,1.181,27.63
2026-09-05,PHC-A,IV Fluids,140.8,1.221,21.26
2026-09-06,PHC-A,ORS,142.83,1.221,76.42
2026-09-06,PHC-A,Paracetamol,142.83,1.216,105.65
2026-09-06,PHC-A,Antimalarial,142.83,1.193,34.29
2026-09-06,PHC-A,Azithromycin,142.83,1.181,24.75
2026-09-06,PHC-A,IV Fluids,142.83,1.221,23.49
2026-09-07,PHC-A,ORS,164.71,1.221,65.2
2026-09-07,PHC-A,Paracetamol,164.71,1.216,106.89
2026-09-07,PHC-A,Antimalarial,164.71,1.193,41.16
2026-09-07,PHC-A,Azithromycin,164.71,1.181,29.91
2026-09-07,PHC-A,IV Fluids,164.71,1.221,21.57
2026-09-08,PHC-A,ORS,151.63,1.221,59.13
2026-09-08,PHC-A,Paracetamol,151.63,1.216,90.6
2026-09-08,PHC-A,Antimalarial,151.63,1.193,38.2
2026-09-08,PHC-A,Azithromycin,151.63,1.181,31.59
2026-09-08,PHC-A,IV Fluids,151.63,1.221,20.62
2026-09-09,PHC-A,ORS,159.45,1.221,72.05
2026-09-09,PHC-A,Paracetamol,159.45,1.216,89.61
2026-09-09,PHC-A,Antimalarial,159.45,1.193,40.98
2026-09-09,PHC-A,Azithromycin,159.45,1.181,28.7
2026-09-09,PHC-A,IV Fluids,159.45,1.221,21.95
2026-09-10,PHC-A,ORS,168.2,1.221,59.39
2026-09-10,PHC-A,Paracetamol,168.2,1.216,106.66
2026-09-10,PHC-A,Antimalarial,168.2,1.193,42.07
2026-09-10,PHC-A,Azithromycin,168.2,1.181,25.49
2026-09-10,PHC-A,IV Fluids,168.2,1.221,23.37
2026-09-11,PHC-A,ORS,153.37,1.221,79.74
2026-09-11,PHC-A,Paracetamol,153.37,1.216,100.27
2026-09-11,PHC-A,Antimalarial,153.37,1.193,33.85
2026-09-11,PHC-A,Azithromycin,153.37,1.181,26.88
2026-09-11,PHC-A,IV Fluids,153.37,1.221,26.55
2026-09-12,PHC-A,ORS,147.11,1.221,76.86
2026-09-12,PHC-A,Paracetamol,147.11,1.216,105.32
2026-09-12,PHC-A,Antimalarial,147.11,1.193,45.1
2026-09-12,PHC-A,Azithromycin,147.11,1.181,30.06
2026-09-12,PHC-A,IV Fluids,147.11,1.221,27.43
2026-09-13,PHC-A,ORS,160.88,1.221,73.27
2026-09-13,PHC-A,Paracetamol,160.88,1.216,107.45
2026-09-13,PHC-A,Antimalarial,160.88,1.193,39.61
2026-09-13,PHC-A,Azithromycin,160.88,1.181,32.29
2026-09-13,PHC-A,IV Fluids,160.88,1.221,24.65
2026-09-14,PHC-A,ORS,179.91,1.221,76.46
2026-09-14,PHC-A,Paracetamol,179.91,1.216,100.59
2026-09-14,PHC-A,Antimalarial,179.91,1.193,36.89
2026-09-14,PHC-A,Azithromycin,179.91,1.181,27.3
2026-09-14,PHC-A,IV Fluids,179.91,1.221,25.44
2026-09-15,PHC-A,ORS,176.46,1.221,72.09
2026-09-15,PHC-A,Paracetamol,176.46,1.216,105.77
2026-09-15,PHC-A,Antimalarial,176.46,1.193,37.27
2026-09-15,PHC-A,Azithromycin,176.46,1.181,25.93
2026-09-15,PHC-A,IV Fluids,176.46,1.221,22.98
2026-09-16,PHC-A,ORS,160.75,1.221,68.12
2026-09-16,PHC-A,Paracetamol,160.75,1.216,103.67
2026-09-16,PHC-A,Antimalarial,160.75,1.193,35.83
2026-09-16,PHC-A,Azithromycin,160.75,1.181,27.44
2026-09-16,PHC-A,IV Fluids,160.75,1.221,26.13
2026-09-17,PHC-A,ORS,176.32,1.221,62.93
2026-09-17,PHC-A,Paracetamol,176.32,1.216,100.12
2026-09-17,PHC-A,Antimalarial,176.32,1.193,40.91
2026-09-17,PHC-A,Azithromycin,176.32,1.181,29.25
2026-09-17,PHC-A,IV Fluids,176.32,1.221,22.64
2026-09-18,PHC-A,ORS,167.5,1.221,81.61
2026-09-18,PHC-A,Paracetamol,167.5,1.216,106.13
2026-09-18,PHC-A,Antimalarial,167.5,1.193,42.99
2026-09-18,PHC-A,Azithromycin,167.5,1.181,33.39
2026-09-18,PHC-A,IV Fluids,167.5,1.221,26.94
2026-09-19,PHC-A,ORS,150.32,1.221,62.31
2026-09-19,PHC-A,Paracetamol,150.32,1.216,99.43
2026-09-19,PHC-A,Antimalarial,150.32,1.193,43.93
2026-09-19,PHC-A,Azithromycin,150.32,1.181,33.54
2026-09-19,PHC-A,IV Fluids,150.32,1.221,28.49
2026-09-20,PHC-A,ORS,152.29,1.221,78.99
2026-09-20,PHC-A,Paracetamol,152.29,1.216,106.05
2026-09-20,PHC-A,Antimalarial,152.29,1.193,42.31
2026-09-20,PHC-A,Azithromycin,152.29,1.181,27.93
2026-09-20,PHC-A,IV Fluids,152.29,1.221,23.09
2026-09-21,PHC-A,ORS,170.67,1.221,63.47
2026-09-21,PHC-A,Paracetamol,170.67,1.216,99.97
2026-09-21,PHC-A,Antimalarial,170.67,1.193,43.46
2026-09-21,PHC-A,Azithromycin,170.67,1.181,29.76
2026-09-21,PHC-A,IV Fluids,170.67,1.221,22.79
2026-09-22,PHC-A,ORS,172.64,1.221,65.99
2026-09-22,PHC-A,Paracetamol,172.64,1.216,109.56
2026-09-22,PHC-A,Antimalarial,172.64,1.193,35.58
2026-09-22,PHC-A,Azithromycin,172.64,1.181,29.82
2026-09-22,PHC-A,IV Fluids,172.64,1.221,25.96
2026-09-23,PHC-A,ORS,158.15,1.221,77.87
2026-09-23,PHC-A,Paracetamol,158.15,1.216,94.61
2026-09-23,PHC-A,Antimalarial,158.15,1.193,41.19
2026-09-23,PHC-A,Azithromycin,158.15,1.181,26.78
2026-09-23,PHC-A,IV Fluids,158.15,1.221,24.67
2026-09-24,PHC-A,ORS,165.43,1.221,71.15
2026-09-24,PHC-A,Paracetamol,165.43,1.216,115.13
2026-09-24,PHC-A,Antimalarial,165.43,1.193,40.36
2026-09-24,PHC-A,Azithromycin,165.43,1.181,33.46
2026-09-24,PHC-A,IV Fluids,165.43,1.221,28.29
2026-09-25,PHC-A,ORS,167.7,1.221,65.97
2026-09-25,PHC-A,Paracetamol,167.7,1.216,91.83
2026-09-25,PHC-A,Antimalarial,167.7,1.193,42.59
2026-09-25,PHC-A,Azithromycin,167.7,1.181,35.96
2026-09-25,PHC-A,IV Fluids,167.7,1.221,24.7
2026-09-26,PHC-A,ORS,164.39,1.221,82.21
2026-09-26,PHC-A,Paracetamol,164.39,1.216,112.75
2026-09-26,PHC-A,Antimalarial,164.39,1.193,45.53
2026-09-26,PHC-A,Azithromycin,164.39,1.181,35.66
2026-09-26,PHC-A,IV Fluids,164.39,1.221,23.65
2026-09-27,PHC-A,ORS,145.01,1.221,68.24
2026-09-27,PHC-A,Paracetamol,145.01,1.216,96.23
2026-09-27,PHC-A,Antimalarial,145.01,1.193,44.68
2026-09-27,PHC-A,Azithromycin,145.01,1.181,32.19
2026-09-27,PHC-A,IV Fluids,145.01,1.221,23.91
2026-09-28,PHC-A,ORS,186.26,1.221,82.7
2026-09-28,PHC-A,Paracetamol,186.26,1.216,98.07
2026-09-28,PHC-A,Antimalarial,186.26,1.193,44.11
2026-09-28,PHC-A,Azithromycin,186.26,1.181,34.1
2026-09-28,PHC-A,IV Fluids,186.26,1.221,23.22
